{
  "docType": "1",
  "head": {
    "docType": "sch",
    "editorVersion": "6.5.10",
    "title": "Inversor Arduino 24V-120V",
    "description": "Inversor de onda sinusoidal pura con H-Bridge y transformador de ferrita"
  },
  "canvas": "3000 2500",
  "shape": [
    {
      "type": "schlib",
      "gId": "U1",
      "x": 1500,
      "y": 500,
      "symbol": "Arduino_Nano",
      "spicePrefix": "U",
      "spicePins": ["D9", "D10", "D5", "D6", "A0", "A1", "D2", "D13", "5V", "GND"],
      "package": "Module",
      "rotation": 0
    },
    {
      "type": "schlib",
      "gId": "U2",
      "x": 2200,
      "y": 700,
      "symbol": "IR2110",
      "spicePrefix": "U",
      "spicePins": ["HIN", "LIN", "HO", "LO", "VDD", "VCC", "VS", "VB", "COM"],
      "package": "DIP-14",
      "rotation": 0,
      "annotation": "Driver A"
    },
    {
      "type": "schlib",
      "gId": "U3",
      "x": 2200,
      "y": 1100,
      "symbol": "IR2110",
      "spicePrefix": "U",
      "spicePins": ["HIN", "LIN", "HO", "LO", "VDD", "VCC", "VS", "VB", "COM"],
      "package": "DIP-14",
      "rotation": 0,
      "annotation": "Driver B"
    },
    {
      "type": "schlib",
      "gId": "Q1",
      "x": 2800,
      "y": 600,
      "symbol": "IRFZ44N",
      "spicePrefix": "Q",
      "spicePins": ["G", "D", "S"],
      "package": "TO-220",
      "rotation": 0,
      "annotation": "High-Side A"
    },
    {
      "type": "schlib",
      "gId": "Q2",
      "x": 2800,
      "y": 900,
      "symbol": "IRFZ44N",
      "spicePrefix": "Q",
      "spicePins": ["G", "D", "S"],
      "package": "TO-220",
      "rotation": 0,
      "annotation": "Low-Side A"
    },
    {
      "type": "schlib",
      "gId": "Q3",
      "x": 3100,
      "y": 600,
      "symbol": "IRFZ44N",
      "spicePrefix": "Q",
      "spicePins": ["G", "D", "S"],
      "package": "TO-220",
      "rotation": 0,
      "annotation": "High-Side B"
    },
    {
      "type": "schlib",
      "gId": "Q4",
      "x": 3100,
      "y": 900,
      "symbol": "IRFZ44N",
      "spicePrefix": "Q",
      "spicePins": ["G", "D", "S"],
      "package": "TO-220",
      "rotation": 0,
      "annotation": "Low-Side B"
    },
    {
      "type": "schlib",
      "gId": "T1",
      "x": 3600,
      "y": 800,
      "symbol": "Transformer",
      "spicePrefix": "T",
      "spicePins": ["P1", "P2", "S1", "S2"],
      "package": "Ferrite_Core",
      "rotation": 0,
      "annotation": "1:6 @ 20kHz"
    },
    {
      "type": "schlib",
      "gId": "C1",
      "x": 2300,
      "y": 650,
      "symbol": "Capacitor",
      "spicePrefix": "C",
      "value": "10uF",
      "voltage": "25V",
      "annotation": "Bootstrap A"
    },
    {
      "type": "schlib",
      "gId": "C2",
      "x": 2300,
      "y": 1050,
      "symbol": "Capacitor",
      "spicePrefix": "C",
      "value": "10uF",
      "voltage": "25V",
      "annotation": "Bootstrap B"
    },
    {
      "type": "schlib",
      "gId": "D1",
      "x": 2400,
      "y": 650,
      "symbol": "Diode",
      "spicePrefix": "D",
      "value": "UF4007",
      "annotation": "Bootstrap Diode A"
    },
    {
      "type": "schlib",
      "gId": "D2",
      "x": 2400,
      "y": 1050,
      "symbol": "Diode",
      "spicePrefix": "D",
      "value": "UF4007",
      "annotation": "Bootstrap Diode B"
    },
    {
      "type": "schlib",
      "gId": "L1",
      "x": 4000,
      "y": 800,
      "symbol": "Inductor",
      "spicePrefix": "L",
      "value": "10mH",
      "current": "5A",
      "annotation": "Filter"
    },
    {
      "type": "schlib",
      "gId": "C3",
      "x": 4200,
      "y": 900,
      "symbol": "Capacitor",
      "spicePrefix": "C",
      "value": "10uF",
      "voltage": "250VAC",
      "annotation": "Filter"
    },
    {
      "type": "schlib",
      "gId": "U4",
      "x": 1200,
      "y": 1200,
      "symbol": "ACS712",
      "spicePrefix": "U",
      "value": "30A",
      "annotation": "Current Sensor"
    },
    {
      "type": "schlib",
      "gId": "R1",
      "x": 1200,
      "y": 1400,
      "symbol": "Resistor",
      "spicePrefix": "R",
      "value": "100k",
      "annotation": "Voltage Divider"
    },
    {
      "type": "schlib",
      "gId": "R2",
      "x": 1200,
      "y": 1500,
      "symbol": "Resistor",
      "spicePrefix": "R",
      "value": "15k",
      "annotation": "Voltage Divider"
    },
    {
      "type": "schlib",
      "gId": "BAT1",
      "x": 800,
      "y": 800,
      "symbol": "Battery",
      "spicePrefix": "V",
      "value": "24V",
      "annotation": "24V DC Input"
    },
    {
      "type": "schlib",
      "gId": "F1",
      "x": 900,
      "y": 700,
      "symbol": "Fuse",
      "spicePrefix": "F",
      "value": "30A",
      "annotation": "Protection"
    }
  ],
  "wire": [
    {
      "from": "U1.D9",
      "to": "U2.HIN",
      "strokeColor": "#0000FF"
    },
    {
      "from": "U1.D10",
      "to": "U3.HIN",
      "strokeColor": "#0000FF"
    },
    {
      "from": "U1.D5",
      "to": "U2.LIN",
      "strokeColor": "#0000FF"
    },
    {
      "from": "U1.D6",
      "to": "U3.LIN",
      "strokeColor": "#0000FF"
    },
    {
      "from": "U2.HO",
      "to": "Q1.G",
      "strokeColor": "#FF0000"
    },
    {
      "from": "U2.LO",
      "to": "Q2.G",
      "strokeColor": "#FF0000"
    },
    {
      "from": "U3.HO",
      "to": "Q3.G",
      "strokeColor": "#FF0000"
    },
    {
      "from": "U3.LO",
      "to": "Q4.G",
      "strokeColor": "#FF0000"
    },
    {
      "from": "BAT1.POS",
      "to": "F1.1",
      "strokeColor": "#FF0000",
      "strokeWidth": 2
    },
    {
      "from": "F1.2",
      "to": "Q1.D",
      "strokeColor": "#FF0000",
      "strokeWidth": 2,
      "netLabel": "V+"
    },
    {
      "from": "Q1.D",
      "to": "Q3.D",
      "strokeColor": "#FF0000",
      "strokeWidth": 2
    },
    {
      "from": "Q1.S",
      "to": "Q2.D",
      "strokeColor": "#00AA00",
      "strokeWidth": 2,
      "netLabel": "OUT_A"
    },
    {
      "from": "Q3.S",
      "to": "Q4.D",
      "strokeColor": "#00AA00",
      "strokeWidth": 2,
      "netLabel": "OUT_B"
    },
    {
      "from": "Q2.S",
      "to": "GND",
      "strokeColor": "#000000",
      "strokeWidth": 2
    },
    {
      "from": "Q4.S",
      "to": "GND",
      "strokeColor": "#000000",
      "strokeWidth": 2
    },
    {
      "from": "OUT_A",
      "to": "T1.P1",
      "strokeColor": "#00AA00",
      "strokeWidth": 2
    },
    {
      "from": "OUT_B",
      "to": "T1.P2",
      "strokeColor": "#00AA00",
      "strokeWidth": 2
    },
    {
      "from": "T1.S1",
      "to": "L1.1",
      "strokeColor": "#FF00FF",
      "strokeWidth": 2
    },
    {
      "from": "L1.2",
      "to": "OUT_AC_L",
      "strokeColor": "#FF00FF",
      "strokeWidth": 2
    },
    {
      "from": "T1.S2",
      "to": "OUT_AC_N",
      "strokeColor": "#FF00FF",
      "strokeWidth": 2
    }
  ],
  "netLabel": [
    {"name": "V+", "position": [1000, 700]},
    {"name": "GND", "position": [2900, 1000]},
    {"name": "OUT_A", "position": [2800, 850]},
    {"name": "OUT_B", "position": [3100, 850]},
    {"name": "OUT_AC_L", "position": [4300, 800]},
    {"name": "OUT_AC_N", "position": [4300, 900]}
  ],
  "annotation": [
    {
      "text": "ARDUINO INVERTER 24V DC to 120V AC @ 60Hz",
      "position": [1500, 200],
      "fontSize": 24,
      "fontWeight": "bold"
    },
    {
      "text": "H-Bridge Full Bridge Configuration",
      "position": [2800, 500],
      "fontSize": 14
    },
    {
      "text": "SPWM @ 20kHz Switching Frequency",
      "position": [2800, 550],
      "fontSize": 12
    },
    {
      "text": "Bootstrap Circuit",
      "position": [2300, 600],
      "fontSize": 10
    },
    {
      "text": "Output Filter: 60Hz Pass",
      "position": [4000, 750],
      "fontSize": 10
    }
  ]
}
